{"data_time": 0.024039236501266714, "eta_seconds": 7970.358719134165, "fast_rcnn/cls_accuracy": 0.75, "fast_rcnn/false_negative": 0.81640625, "fast_rcnn/fg_cls_accuracy": 0.18359375, "iteration": 19, "loss_box_reg": 0.4279998242855072, "loss_cls": 0.5410235524177551, "loss_mask": 0.6151097416877747, "loss_rpn_cls": 0.34799429774284363, "loss_rpn_loc": 0.5875576138496399, "lr": 0.00039962, "mask_rcnn/accuracy": 0.8386778539540816, "mask_rcnn/false_negative": 0.004259132479366038, "mask_rcnn/false_positive": 0.4659504638331978, "roi_head/num_bg_samples": 384.0, "roi_head/num_fg_samples": 128.0, "rpn/num_neg_anchors": 128.0, "rpn/num_pos_anchors": 128.0, "time": 0.39889688800030854, "timetest": 12.0, "total_loss": 2.528521880507469}
{"data_time": 0.036413874999880136, "eta_seconds": 7265.892967977354, "fast_rcnn/cls_accuracy": 0.7468256941046967, "fast_rcnn/false_negative": 0.9453125, "fast_rcnn/fg_cls_accuracy": 0.0546875, "iteration": 19, "loss_box_reg": 0.4044387489557266, "loss_cls": 0.5871507823467255, "loss_mask": 0.6091937124729156, "loss_rpn_cls": 0.35515639185905457, "loss_rpn_loc": 0.5714566111564636, "lr": 0.00039962, "mask_rcnn/accuracy": 0.8221659757653061, "mask_rcnn/false_negative": 0.0024262902551560033, "mask_rcnn/false_positive": 0.5390296733796243, "roi_head/num_bg_samples": 384.0, "roi_head/num_fg_samples": 128.0, "rpn/num_neg_anchors": 128.0, "rpn/num_pos_anchors": 128.0, "time": 0.36364010650004275, "timetest": 12.0, "total_loss": 2.50695863366127}
